{
    "definition": {
        "$schema": "https://schema.management.azure.com/providers/Microsoft.Logic/schemas/2016-06-01/workflowdefinition.json#",
        "contentVersion": "1.0.0.0",
        "actions": {
            "Defender_Alert_Status": {
                "type": "InitializeVariable",
                "inputs": {
                    "variables": [
                        {
                            "name": "alert_status",
                            "type": "array"
                        }
                    ]
                },
                "runAfter": {}
            },
            "Set_Alert_Status": {
                "type": "SetVariable",
                "inputs": {
                    "name": "alert_status",
                    "value": "@parameters('DefenderAlertStatus')"
                },
                "runAfter": {
                    "Defender_Alert_Status": [
                        "SUCCEEDED"
                    ]
                }
            },
            "Defender_Alert_Severity": {
                "type": "InitializeVariable",
                "inputs": {
                    "variables": [
                        {
                            "name": "alert_severity",
                            "type": "array"
                        }
                    ]
                },
                "runAfter": {
                    "Set_Alert_Status": [
                        "SUCCEEDED"
                    ]
                }
            },
            "Set_Alert_Severity": {
                "type": "SetVariable",
                "inputs": {
                    "name": "alert_severity",
                    "value": "@parameters('DefenderAlertSeverity')"
                },
                "runAfter": {
                    "Defender_Alert_Severity": [
                        "SUCCEEDED"
                    ]
                }
            },
            "Defender_Alert_ID": {
                "type": "InitializeVariable",
                "inputs": {
                    "variables": [
                        {
                            "name": "defender_alert_id",
                            "type": "string",
                            "value": "@{triggerBody()?['id']}"
                        }
                    ]
                },
                "runAfter": {
                    "Set_Alert_Severity": [
                        "SUCCEEDED"
                    ]
                }
            },
            "Defender_Machine_ID": {
                "type": "InitializeVariable",
                "inputs": {
                    "variables": [
                        {
                            "name": "defender_machine_id",
                            "type": "string",
                            "value": "@{triggerBody()?['machineId']}"
                        }
                    ]
                },
                "runAfter": {
                    "Defender_Alert_ID": [
                        "SUCCEEDED"
                    ]
                }
            },
            "Defender_Alert_Source": {
                "type": "InitializeVariable",
                "inputs": {
                    "variables": [
                        {
                            "name": "defender_alert_source",
                            "type": "string"
                        }
                    ]
                },
                "runAfter": {
                    "Defender_Machine_ID": [
                        "SUCCEEDED"
                    ]
                }
            },
            "Defender_EDR_Source_string": {
                "type": "InitializeVariable",
                "inputs": {
                    "variables": [
                        {
                            "name": "defender_edr_string",
                            "type": "string",
                            "value": "WindowsDefenderAtp"
                        }
                    ]
                },
                "runAfter": {
                    "Defender_Alert_Source": [
                        "SUCCEEDED"
                    ]
                }
            },
            "Defender_AntiVirus_String": {
                "type": "InitializeVariable",
                "inputs": {
                    "variables": [
                        {
                            "name": "defender_av_string",
                            "type": "string",
                            "value": "WindowsDefenderAv"
                        }
                    ]
                },
                "runAfter": {
                    "Defender_EDR_Source_string": [
                        "SUCCEEDED"
                    ]
                }
            },
            "Alerts_-_Get_single_alert": {
                "type": "ApiConnection",
                "inputs": {
                    "host": {
                        "connection": {
                        "referenceName": "wdatp"
                        }
                    },
                    "method": "get",
                    "path": "/api/alerts/@{encodeURIComponent(variables('defender_alert_id'))}"
                },
                "runAfter": {
                    "Defender_AntiVirus_String": [
                        "SUCCEEDED"
                    ]
                }
            },
            "Set_Defender_Alert_Source": {
                "type": "SetVariable",
                "inputs": {
                    "name": "defender_alert_source",
                    "value": "@body('Alerts_-_Get_single_alert')?['detectionSource']"
                },
                "runAfter": {
                    "Alerts_-_Get_single_alert": [
                        "SUCCEEDED"
                    ]
                }
            },
            "Check_if_the_alert_is_from_AV_or_EDR": {
                "type": "If",
                "expression": {
                    "or": [
                        {
                            "equals": [
                                "@variables('defender_alert_source')",
                                "@variables('defender_edr_string')"
                            ]
                        },
                        {
                            "equals": [
                                "@variables('defender_alert_source')",
                                "@variables('defender_av_string')"
                            ]
                        }
                    ]
                },
                "actions": {
                    "Check_Alert_Severity_And_Status": {
                        "type": "If",
                        "expression": {
                            "and": [
                                {
                                    "contains": [
                                        "@variables('alert_severity')",
                                        "@body('Alerts_-_Get_single_alert')?['severity']"
                                    ]
                                },
                                {
                                    "contains": [
                                        "@variables('alert_status')",
                                        "@body('Alerts_-_Get_single_alert')?['status']"
                                    ]
                                }
                            ]
                        },
                        "actions": {
                            "Call_VMRayDefender_Azure_Function": {
                                "type": "Function",
                                "inputs": {
                                    "method": "POST",
                                    "body": {
                                        "alert": "@triggerBody()",
                                        "threat_name": "@body('Alerts_-_Get_single_alert')['threatName']",
                                        "detection_source": "@variables('defender_alert_source')",
                                        "threat_family": "@body('Alerts_-_Get_single_alert')?['threatFamilyName']"
                                    },
                                    "retryPolicy": {
                                        "type": "none"
                                    }
                                }
                            }
                        },
                        "else": {
                            "actions": {}
                        }
                    }
                },
                "else": {
                    "actions": {}
                },
                "runAfter": {
                    "Set_Defender_Alert_Source": [
                        "SUCCEEDED"
                    ]
                }
            }
        },
        "outputs": {},
        "triggers": {
            "Triggers_-_Trigger_when_new_WDATP_alert_occurs": {
                "type": "ApiConnectionWebhook",
                "inputs": {
                    "host": {
                            "connection": {
                            "referenceName": "wdatp"
                            }
                        },
                    "body": {
                        "clientState": "flow",
                        "changeType": "created",
                        "resource": "alerts",
                        "expirationDateTime": "2038-09-20T12:00:00Z",
                        "notificationUrl": "@listCallbackUrl()"
                    },
                    "path": "/subscriptions"
                }
            }
        }
    },
    "kind": "Stateful"
}
